INSERT INTO device_manufacture_db_staging.functionalities (functionality_id, name) VALUES (6, 'A secrete functionality');
INSERT INTO device_manufacture_db_staging.functionalities (functionality_id, name) VALUES (1, 'Adjustable Height');
INSERT INTO device_manufacture_db_staging.functionalities (functionality_id, name) VALUES (3, 'cable modification');
INSERT INTO device_manufacture_db_staging.functionalities (functionality_id, name) VALUES (2, 'LCD screen');
INSERT INTO device_manufacture_db_staging.functionalities (functionality_id, name) VALUES (5, 'Multi-capacity');
INSERT INTO device_manufacture_db_staging.functionalities (functionality_id, name) VALUES (4, 'Multi-shape');

INSERT INTO device_manufacture_db_staging.functionality_properties (functionality_functionality_id, name, type) VALUES (1, 'Max Height', 'NUMBER');
INSERT INTO device_manufacture_db_staging.functionality_properties (functionality_functionality_id, name, type) VALUES (1, 'Min Height', 'NUMBER');
INSERT INTO device_manufacture_db_staging.functionality_properties (functionality_functionality_id, name, type) VALUES (2, 'Pixel count', 'NUMBER');
INSERT INTO device_manufacture_db_staging.functionality_properties (functionality_functionality_id, name, type) VALUES (2, 'remote controlled', 'YES_NO');
INSERT INTO device_manufacture_db_staging.functionality_properties (functionality_functionality_id, name, type) VALUES (3, 'includes adapter', 'YES_NO');
INSERT INTO device_manufacture_db_staging.functionality_properties (functionality_functionality_id, name, type) VALUES (4, 'Shape count', 'NUMBER');
INSERT INTO device_manufacture_db_staging.functionality_properties (functionality_functionality_id, name, type) VALUES (4, 'Shape description', 'TEXT');
INSERT INTO device_manufacture_db_staging.functionality_properties (functionality_functionality_id, name, type) VALUES (5, 'max capacity', 'NUMBER');
INSERT INTO device_manufacture_db_staging.functionality_properties (functionality_functionality_id, name, type) VALUES (6, 'can you tell me?', 'YES_NO');

INSERT INTO device_manufacture_db_staging.device_types (device_type_id, crated_at, device_type_status, name, power_consumption) VALUES (1, '2022-06-28 21:34:40.241494', 'VERSIONED', 'Grill', 1234);
INSERT INTO device_manufacture_db_staging.device_types (device_type_id, crated_at, device_type_status, name, power_consumption) VALUES (2, '2022-06-28 21:44:59.015875', 'DRAFT', 'Wuffle maker', 4);
INSERT INTO device_manufacture_db_staging.device_types (device_type_id, crated_at, device_type_status, name, power_consumption) VALUES (3, '2022-06-28 21:45:42.566239', 'VERSIONED', 'The MAS secrete machine', 2000);

INSERT INTO device_manufacture_db_staging.device_type_versions (device_type_version_id, create_date_time, device_type_version_status, version_number, device_type_id) VALUES (2, '2022-06-28 21:44:16.758664', 'AVAILABLE', 1, 1);
INSERT INTO device_manufacture_db_staging.device_type_versions (device_type_version_id, create_date_time, device_type_version_status, version_number, device_type_id) VALUES (3, '2022-06-28 21:46:13.573583', 'DEPRECATED', 1, 3);

INSERT INTO device_manufacture_db_staging.device_type_versions_functionalities (device_type_version_id, functionality_id) VALUES (2, 1);
INSERT INTO device_manufacture_db_staging.device_type_versions_functionalities (device_type_version_id, functionality_id) VALUES (2, 3);
INSERT INTO device_manufacture_db_staging.device_type_versions_functionalities (device_type_version_id, functionality_id) VALUES (2, 2);
INSERT INTO device_manufacture_db_staging.device_type_versions_functionalities (device_type_version_id, functionality_id) VALUES (2, 5);
INSERT INTO device_manufacture_db_staging.device_type_versions_functionalities (device_type_version_id, functionality_id) VALUES (2, 4);
INSERT INTO device_manufacture_db_staging.device_type_versions_functionalities (device_type_version_id, functionality_id) VALUES (3, 6);


INSERT INTO device_manufacture_db_staging.device_type_version_property_values (device_type_version_device_type_version_id, name, parent_functionality_id, value) VALUES (2, 'Max Height', 1, '10');
INSERT INTO device_manufacture_db_staging.device_type_version_property_values (device_type_version_device_type_version_id, name, parent_functionality_id, value) VALUES (2, 'Min Height', 1, '2');
INSERT INTO device_manufacture_db_staging.device_type_version_property_values (device_type_version_device_type_version_id, name, parent_functionality_id, value) VALUES (2, 'includes adapter', 3, 'yes');
INSERT INTO device_manufacture_db_staging.device_type_version_property_values (device_type_version_device_type_version_id, name, parent_functionality_id, value) VALUES (2, 'Pixel count', 2, '198');
INSERT INTO device_manufacture_db_staging.device_type_version_property_values (device_type_version_device_type_version_id, name, parent_functionality_id, value) VALUES (2, 'remote controlled', 2, 'yes');
INSERT INTO device_manufacture_db_staging.device_type_version_property_values (device_type_version_device_type_version_id, name, parent_functionality_id, value) VALUES (2, 'max capacity', 5, '3');
INSERT INTO device_manufacture_db_staging.device_type_version_property_values (device_type_version_device_type_version_id, name, parent_functionality_id, value) VALUES (2, 'Shape count', 4, '2');
INSERT INTO device_manufacture_db_staging.device_type_version_property_values (device_type_version_device_type_version_id, name, parent_functionality_id, value) VALUES (2, 'Shape description', 4, 'rectangle and triangle');
INSERT INTO device_manufacture_db_staging.device_type_version_property_values (device_type_version_device_type_version_id, name, parent_functionality_id, value) VALUES (3, 'can you tell me?', 6, 'no');


INSERT INTO device_manufacture_db_staging.roles(role_id, name) value (1, 'DEFAULT');
INSERT INTO device_manufacture_db_staging.roles(role_id, name) value (2, 'CLIENT');
INSERT INTO device_manufacture_db_staging.roles(role_id, name) value (3, 'EMPLOYEE');
INSERT INTO device_manufacture_db_staging.roles(role_id, name) value (4, 'OWNER');

INSERT INTO device_manufacture_db_staging.factories (id, city, building_number, flat_number, street, zip) VALUES (1, 'warsaw', '1', '1', 'ul 1.ego maja', '01-123');
INSERT INTO device_manufacture_db_staging.factories (id, city, building_number, flat_number, street, zip) VALUES (2, 'South Joieburgh', '51467', null, 'Krajcik Prairie', '03468-3584');

INSERT INTO device_manufacture_db_staging.users (user_id, email, name, surname) VALUES (1, 'SuperUser@superuser.com', 'SuperUser', 'SuperUser');
INSERT INTO device_manufacture_db_staging.users (user_id, email, name, surname) VALUES (2, 'ClientUser@ClientUser.com', 'ClientUser', 'ClientUser');
INSERT INTO device_manufacture_db_staging.users (user_id, email, name, surname) VALUES (3, 'EmployeeUser@EmployeeUser.com', 'EmployeeUser', 'EmployeeUser');
INSERT INTO device_manufacture_db_staging.users (user_id, email, name, surname) VALUES (4, 'EmployeeClientUser@EmployeeClientUser.com', 'EmployeeClientUser', 'EmployeeClientUser');
INSERT INTO device_manufacture_db_staging.users (user_id, email, name, surname) VALUES (5, 'trinh.bartoletti@gmail.com', 'Osvaldo', 'Huel');
INSERT INTO device_manufacture_db_staging.users (user_id, email, name, surname) VALUES (6, 'nelda.lynch@yahoo.com', 'Iola', 'Windler');
INSERT INTO device_manufacture_db_staging.users (user_id, email, name, surname) VALUES (7, 'emmanuel.beer@hotmail.com', 'Michale', 'Borer');
INSERT INTO device_manufacture_db_staging.users (user_id, email, name, surname) VALUES (8, 'celinda.ziemann@gmail.com', 'Ma', 'Osinski');
INSERT INTO device_manufacture_db_staging.users (user_id, email, name, surname) VALUES (9, 'delaine.quitzon@hotmail.com', 'Vincenzo', 'Carter');
INSERT INTO device_manufacture_db_staging.users (user_id, email, name, surname) VALUES (10, 'shane.abbott@gmail.com', 'Stewart', 'Hahn');
INSERT INTO device_manufacture_db_staging.users (user_id, email, name, surname) VALUES (11, 'tara.roberts@hotmail.com', 'Johnathon', 'Stracke');
INSERT INTO device_manufacture_db_staging.users (user_id, email, name, surname) VALUES (12, 'von.rodriguez@yahoo.com', 'Kristi', 'Schuster');
INSERT INTO device_manufacture_db_staging.users (user_id, email, name, surname) VALUES (13, 'gary.wisozk@hotmail.com', 'Antoinette', 'Mills');
INSERT INTO device_manufacture_db_staging.users (user_id, email, name, surname) VALUES (14, 'damion.walker@gmail.com', 'Georgeanna', 'Kohler');
INSERT INTO device_manufacture_db_staging.users (user_id, email, name, surname) VALUES (15, 'taylor.boyle@yahoo.com', 'Farah', 'Ullrich');
INSERT INTO device_manufacture_db_staging.users (user_id, email, name, surname) VALUES (16, 'catherin.rosenbaum@hotmail.com', 'Lamar', 'Reinger');
INSERT INTO device_manufacture_db_staging.users (user_id, email, name, surname) VALUES (17, 'tommie.kerluke@yahoo.com', 'Loren', 'Lueilwitz');
INSERT INTO device_manufacture_db_staging.users (user_id, email, name, surname) VALUES (18, 'kraig.rolfson@gmail.com', 'Noelia', 'Kub');
INSERT INTO device_manufacture_db_staging.users (user_id, email, name, surname) VALUES (19, 'avery.buckridge@yahoo.com', 'Karan', 'Reichel');
INSERT INTO device_manufacture_db_staging.users (user_id, email, name, surname) VALUES (20, 'melita.hamill@hotmail.com', 'Lawrence', 'Strosin');
INSERT INTO device_manufacture_db_staging.users (user_id, email, name, surname) VALUES (21, 'dottie.effertz@gmail.com', 'Hugo', 'Lowe');
INSERT INTO device_manufacture_db_staging.users (user_id, email, name, surname) VALUES (22, 'lelah.lockman@gmail.com', 'Ashleigh', 'Runolfsson');
INSERT INTO device_manufacture_db_staging.users (user_id, email, name, surname) VALUES (23, 'phyllis.schmidt@hotmail.com', 'Maybelle', 'Howe');
INSERT INTO device_manufacture_db_staging.users (user_id, email, name, surname) VALUES (24, 'darby.bartell@gmail.com', 'Stan', 'Volkman');
INSERT INTO device_manufacture_db_staging.users (user_id, email, name, surname) VALUES (25, 'anh.lubowitz@hotmail.com', 'Irwin', 'Koss');
INSERT INTO device_manufacture_db_staging.users (user_id, email, name, surname) VALUES (26, 'regena.douglas@gmail.com', 'Edda', 'Prosacco');
INSERT INTO device_manufacture_db_staging.users (user_id, email, name, surname) VALUES (27, 'sol.hermiston@hotmail.com', 'Arden', 'Becker');
INSERT INTO device_manufacture_db_staging.users (user_id, email, name, surname) VALUES (28, 'arnette.harris@hotmail.com', 'Cedrick', 'Keebler');
INSERT INTO device_manufacture_db_staging.users (user_id, email, name, surname) VALUES (29, 'jerry.daniel@yahoo.com', 'Jacqualine', 'Dickinson');
INSERT INTO device_manufacture_db_staging.users (user_id, email, name, surname) VALUES (30, 'jules.considine@yahoo.com', 'Toya', 'Brakus');
INSERT INTO device_manufacture_db_staging.users (user_id, email, name, surname) VALUES (31, 'burl.schinner@yahoo.com', 'Louise', 'Jast');
INSERT INTO device_manufacture_db_staging.users (user_id, email, name, surname) VALUES (32, 'golden.ondricka@hotmail.com', 'Rodney', 'Stokes');
INSERT INTO device_manufacture_db_staging.users (user_id, email, name, surname) VALUES (33, 'jordon.rutherford@yahoo.com', 'Delilah', 'Halvorson');
INSERT INTO device_manufacture_db_staging.users (user_id, email, name, surname) VALUES (34, 'elmo.denesik@yahoo.com', 'Rich', 'Veum');
INSERT INTO device_manufacture_db_staging.users (user_id, email, name, surname) VALUES (35, 'bennie.jacobi@gmail.com', 'Winford', 'Turner');
INSERT INTO device_manufacture_db_staging.users (user_id, email, name, surname) VALUES (36, 'kelsie.purdy@hotmail.com', 'Matthew', 'Langworth');
INSERT INTO device_manufacture_db_staging.users (user_id, email, name, surname) VALUES (37, 'antione.wilderman@gmail.com', 'Humberto', 'Kertzmann');
INSERT INTO device_manufacture_db_staging.users (user_id, email, name, surname) VALUES (38, 'isaiah.aufderhar@gmail.com', 'Mayra', 'Ruecker');
INSERT INTO device_manufacture_db_staging.users (user_id, email, name, surname) VALUES (39, 'leeann.purdy@gmail.com', 'Jerald', 'Kassulke');
INSERT INTO device_manufacture_db_staging.users (user_id, email, name, surname) VALUES (40, 'beau.rowe@hotmail.com', 'Britteny', 'Bednar');
INSERT INTO device_manufacture_db_staging.users (user_id, email, name, surname) VALUES (41, 'deidre.mills@yahoo.com', 'Lourie', 'Corwin');
INSERT INTO device_manufacture_db_staging.users (user_id, email, name, surname) VALUES (42, 'adell.gleason@yahoo.com', 'Burt', 'Blanda');
INSERT INTO device_manufacture_db_staging.users (user_id, email, name, surname) VALUES (43, 'shante.west@yahoo.com', 'Aretha', 'Moore');
INSERT INTO device_manufacture_db_staging.users (user_id, email, name, surname) VALUES (44, 'fannie.schumm@yahoo.com', 'Shenna', 'Quitzon');
INSERT INTO device_manufacture_db_staging.users (user_id, email, name, surname) VALUES (45, 'monty.runte@hotmail.com', 'Ollie', 'Watsica');
INSERT INTO device_manufacture_db_staging.users (user_id, email, name, surname) VALUES (46, 'janyce.waters@hotmail.com', 'Rudolf', 'O''Conner');
INSERT INTO device_manufacture_db_staging.users (user_id, email, name, surname) VALUES (47, 'cletus.gleichner@gmail.com', 'Collin', 'Blick');
INSERT INTO device_manufacture_db_staging.users (user_id, email, name, surname) VALUES (48, 'jerald.quitzon@gmail.com', 'Minh', 'Moore');
INSERT INTO device_manufacture_db_staging.users (user_id, email, name, surname) VALUES (49, 'shonda.parisian@gmail.com', 'Eusebio', 'Robel');
INSERT INTO device_manufacture_db_staging.users (user_id, email, name, surname) VALUES (50, 'gudrun.friesen@gmail.com', 'Kenyatta', 'Senger');
INSERT INTO device_manufacture_db_staging.users (user_id, email, name, surname) VALUES (51, 'toshia.murphy@hotmail.com', 'Tyron', 'Hahn');
INSERT INTO device_manufacture_db_staging.users (user_id, email, name, surname) VALUES (52, 'bethanie.klein@gmail.com', 'Mica', 'Bins');
INSERT INTO device_manufacture_db_staging.users (user_id, email, name, surname) VALUES (53, 'afton.bogisich@gmail.com', 'Gordon', 'Boyle');
INSERT INTO device_manufacture_db_staging.users (user_id, email, name, surname) VALUES (54, 'coleman.reichel@hotmail.com', 'Nathanael', 'Ziemann');
INSERT INTO device_manufacture_db_staging.users (user_id, email, name, surname) VALUES (55, 'roselyn.bartell@hotmail.com', 'Dalton', 'Barrows');
INSERT INTO device_manufacture_db_staging.users (user_id, email, name, surname) VALUES (56, 'janet.heller@hotmail.com', 'Latrisha', 'Cummings');
INSERT INTO device_manufacture_db_staging.users (user_id, email, name, surname) VALUES (57, 'bari.pfeffer@hotmail.com', 'Lou', 'Luettgen');
INSERT INTO device_manufacture_db_staging.users (user_id, email, name, surname) VALUES (58, 'elenore.denesik@hotmail.com', 'Jacalyn', 'Greenholt');
INSERT INTO device_manufacture_db_staging.users (user_id, email, name, surname) VALUES (59, 'jesse.sawayn@yahoo.com', 'Elene', 'Goldner');
INSERT INTO device_manufacture_db_staging.users (user_id, email, name, surname) VALUES (60, 'davis.towne@hotmail.com', 'Ok', 'Veum');
INSERT INTO device_manufacture_db_staging.users (user_id, email, name, surname) VALUES (61, 'elizbeth.ondricka@hotmail.com', 'Nestor', 'Wolff');
INSERT INTO device_manufacture_db_staging.users (user_id, email, name, surname) VALUES (62, 'anthony.ryan@gmail.com', 'Long', 'Kessler');
INSERT INTO device_manufacture_db_staging.users (user_id, email, name, surname) VALUES (63, 'val.armstrong@hotmail.com', 'Fred', 'Koelpin');
INSERT INTO device_manufacture_db_staging.users (user_id, email, name, surname) VALUES (64, 'juan.gusikowski@gmail.com', 'Laila', 'Skiles');
INSERT INTO device_manufacture_db_staging.users (user_id, email, name, surname) VALUES (65, 'abraham.daniel@hotmail.com', 'Abel', 'Brown');
INSERT INTO device_manufacture_db_staging.users (user_id, email, name, surname) VALUES (66, 'hung.conn@hotmail.com', 'Susann', 'Jaskolski');
INSERT INTO device_manufacture_db_staging.users (user_id, email, name, surname) VALUES (67, 'ka.wiza@yahoo.com', 'Franklin', 'Hammes');
INSERT INTO device_manufacture_db_staging.users (user_id, email, name, surname) VALUES (68, 'pasquale.west@hotmail.com', 'Jarvis', 'Herman');
INSERT INTO device_manufacture_db_staging.users (user_id, email, name, surname) VALUES (69, 'timothy.nikolaus@yahoo.com', 'Iluminada', 'Tromp');
INSERT INTO device_manufacture_db_staging.users (user_id, email, name, surname) VALUES (70, 'isaiah.robel@yahoo.com', 'Johnie', 'Lehner');
INSERT INTO device_manufacture_db_staging.users (user_id, email, name, surname) VALUES (71, 'lara.mckenzie@yahoo.com', 'Brian', 'Hayes');
INSERT INTO device_manufacture_db_staging.users (user_id, email, name, surname) VALUES (72, 'christi.lakin@hotmail.com', 'Luigi', 'Huels');
INSERT INTO device_manufacture_db_staging.users (user_id, email, name, surname) VALUES (73, 'gabriel.hartmann@gmail.com', 'Carlo', 'Langosh');
INSERT INTO device_manufacture_db_staging.users (user_id, email, name, surname) VALUES (74, 'ivan.feil@yahoo.com', 'Rasheeda', 'Krajcik');
INSERT INTO device_manufacture_db_staging.users (user_id, email, name, surname) VALUES (75, 'laurence.fay@yahoo.com', 'Brendan', 'Wiegand');
INSERT INTO device_manufacture_db_staging.users (user_id, email, name, surname) VALUES (76, 'ellis.heathcote@gmail.com', 'Dane', 'Kreiger');
INSERT INTO device_manufacture_db_staging.users (user_id, email, name, surname) VALUES (77, 'marcus.kulas@gmail.com', 'Pat', 'Connelly');
INSERT INTO device_manufacture_db_staging.users (user_id, email, name, surname) VALUES (78, 'alleen.bartell@gmail.com', 'Rosalina', 'Hessel');
INSERT INTO device_manufacture_db_staging.users (user_id, email, name, surname) VALUES (79, 'fletcher.nader@gmail.com', 'Austin', 'Harvey');
INSERT INTO device_manufacture_db_staging.users (user_id, email, name, surname) VALUES (80, 'mario.klein@gmail.com', 'Lisabeth', 'Hane');
INSERT INTO device_manufacture_db_staging.users (user_id, email, name, surname) VALUES (81, 'machelle.predovic@hotmail.com', 'Adan', 'Ankunding');
INSERT INTO device_manufacture_db_staging.users (user_id, email, name, surname) VALUES (82, 'clifford.oconnell@gmail.com', 'Ramiro', 'Howell');
INSERT INTO device_manufacture_db_staging.users (user_id, email, name, surname) VALUES (83, 'jesica.ankunding@yahoo.com', 'Dede', 'Wyman');
INSERT INTO device_manufacture_db_staging.users (user_id, email, name, surname) VALUES (84, 'david.botsford@hotmail.com', 'Mozelle', 'Hermann');



INSERT INTO device_manufacture_db_staging.user_roles (user_id, role_id) VALUES (1, 1);
INSERT INTO device_manufacture_db_staging.user_roles (user_id, role_id) VALUES (2, 1);
INSERT INTO device_manufacture_db_staging.user_roles (user_id, role_id) VALUES (3, 1);
INSERT INTO device_manufacture_db_staging.user_roles (user_id, role_id) VALUES (4, 1);
INSERT INTO device_manufacture_db_staging.user_roles (user_id, role_id) VALUES (5, 1);
INSERT INTO device_manufacture_db_staging.user_roles (user_id, role_id) VALUES (6, 1);
INSERT INTO device_manufacture_db_staging.user_roles (user_id, role_id) VALUES (7, 1);
INSERT INTO device_manufacture_db_staging.user_roles (user_id, role_id) VALUES (8, 1);
INSERT INTO device_manufacture_db_staging.user_roles (user_id, role_id) VALUES (9, 1);
INSERT INTO device_manufacture_db_staging.user_roles (user_id, role_id) VALUES (10, 1);
INSERT INTO device_manufacture_db_staging.user_roles (user_id, role_id) VALUES (11, 1);
INSERT INTO device_manufacture_db_staging.user_roles (user_id, role_id) VALUES (12, 1);
INSERT INTO device_manufacture_db_staging.user_roles (user_id, role_id) VALUES (13, 1);
INSERT INTO device_manufacture_db_staging.user_roles (user_id, role_id) VALUES (14, 1);
INSERT INTO device_manufacture_db_staging.user_roles (user_id, role_id) VALUES (15, 1);
INSERT INTO device_manufacture_db_staging.user_roles (user_id, role_id) VALUES (16, 1);
INSERT INTO device_manufacture_db_staging.user_roles (user_id, role_id) VALUES (17, 1);
INSERT INTO device_manufacture_db_staging.user_roles (user_id, role_id) VALUES (18, 1);
INSERT INTO device_manufacture_db_staging.user_roles (user_id, role_id) VALUES (19, 1);
INSERT INTO device_manufacture_db_staging.user_roles (user_id, role_id) VALUES (20, 1);
INSERT INTO device_manufacture_db_staging.user_roles (user_id, role_id) VALUES (21, 1);
INSERT INTO device_manufacture_db_staging.user_roles (user_id, role_id) VALUES (22, 1);
INSERT INTO device_manufacture_db_staging.user_roles (user_id, role_id) VALUES (23, 1);
INSERT INTO device_manufacture_db_staging.user_roles (user_id, role_id) VALUES (24, 1);
INSERT INTO device_manufacture_db_staging.user_roles (user_id, role_id) VALUES (25, 1);
INSERT INTO device_manufacture_db_staging.user_roles (user_id, role_id) VALUES (26, 1);
INSERT INTO device_manufacture_db_staging.user_roles (user_id, role_id) VALUES (27, 1);
INSERT INTO device_manufacture_db_staging.user_roles (user_id, role_id) VALUES (28, 1);
INSERT INTO device_manufacture_db_staging.user_roles (user_id, role_id) VALUES (29, 1);
INSERT INTO device_manufacture_db_staging.user_roles (user_id, role_id) VALUES (30, 1);
INSERT INTO device_manufacture_db_staging.user_roles (user_id, role_id) VALUES (31, 1);
INSERT INTO device_manufacture_db_staging.user_roles (user_id, role_id) VALUES (32, 1);
INSERT INTO device_manufacture_db_staging.user_roles (user_id, role_id) VALUES (33, 1);
INSERT INTO device_manufacture_db_staging.user_roles (user_id, role_id) VALUES (34, 1);
INSERT INTO device_manufacture_db_staging.user_roles (user_id, role_id) VALUES (35, 1);
INSERT INTO device_manufacture_db_staging.user_roles (user_id, role_id) VALUES (36, 1);
INSERT INTO device_manufacture_db_staging.user_roles (user_id, role_id) VALUES (37, 1);
INSERT INTO device_manufacture_db_staging.user_roles (user_id, role_id) VALUES (38, 1);
INSERT INTO device_manufacture_db_staging.user_roles (user_id, role_id) VALUES (39, 1);
INSERT INTO device_manufacture_db_staging.user_roles (user_id, role_id) VALUES (40, 1);
INSERT INTO device_manufacture_db_staging.user_roles (user_id, role_id) VALUES (41, 1);
INSERT INTO device_manufacture_db_staging.user_roles (user_id, role_id) VALUES (42, 1);
INSERT INTO device_manufacture_db_staging.user_roles (user_id, role_id) VALUES (43, 1);
INSERT INTO device_manufacture_db_staging.user_roles (user_id, role_id) VALUES (44, 1);
INSERT INTO device_manufacture_db_staging.user_roles (user_id, role_id) VALUES (45, 1);
INSERT INTO device_manufacture_db_staging.user_roles (user_id, role_id) VALUES (46, 1);
INSERT INTO device_manufacture_db_staging.user_roles (user_id, role_id) VALUES (47, 1);
INSERT INTO device_manufacture_db_staging.user_roles (user_id, role_id) VALUES (48, 1);
INSERT INTO device_manufacture_db_staging.user_roles (user_id, role_id) VALUES (49, 1);
INSERT INTO device_manufacture_db_staging.user_roles (user_id, role_id) VALUES (50, 1);
INSERT INTO device_manufacture_db_staging.user_roles (user_id, role_id) VALUES (51, 1);
INSERT INTO device_manufacture_db_staging.user_roles (user_id, role_id) VALUES (52, 1);
INSERT INTO device_manufacture_db_staging.user_roles (user_id, role_id) VALUES (53, 1);
INSERT INTO device_manufacture_db_staging.user_roles (user_id, role_id) VALUES (54, 1);
INSERT INTO device_manufacture_db_staging.user_roles (user_id, role_id) VALUES (55, 1);
INSERT INTO device_manufacture_db_staging.user_roles (user_id, role_id) VALUES (56, 1);
INSERT INTO device_manufacture_db_staging.user_roles (user_id, role_id) VALUES (57, 1);
INSERT INTO device_manufacture_db_staging.user_roles (user_id, role_id) VALUES (58, 1);
INSERT INTO device_manufacture_db_staging.user_roles (user_id, role_id) VALUES (59, 1);
INSERT INTO device_manufacture_db_staging.user_roles (user_id, role_id) VALUES (60, 1);
INSERT INTO device_manufacture_db_staging.user_roles (user_id, role_id) VALUES (61, 1);
INSERT INTO device_manufacture_db_staging.user_roles (user_id, role_id) VALUES (62, 1);
INSERT INTO device_manufacture_db_staging.user_roles (user_id, role_id) VALUES (63, 1);
INSERT INTO device_manufacture_db_staging.user_roles (user_id, role_id) VALUES (64, 1);
INSERT INTO device_manufacture_db_staging.user_roles (user_id, role_id) VALUES (65, 1);
INSERT INTO device_manufacture_db_staging.user_roles (user_id, role_id) VALUES (66, 1);
INSERT INTO device_manufacture_db_staging.user_roles (user_id, role_id) VALUES (67, 1);
INSERT INTO device_manufacture_db_staging.user_roles (user_id, role_id) VALUES (68, 1);
INSERT INTO device_manufacture_db_staging.user_roles (user_id, role_id) VALUES (69, 1);
INSERT INTO device_manufacture_db_staging.user_roles (user_id, role_id) VALUES (70, 1);
INSERT INTO device_manufacture_db_staging.user_roles (user_id, role_id) VALUES (71, 1);
INSERT INTO device_manufacture_db_staging.user_roles (user_id, role_id) VALUES (72, 1);
INSERT INTO device_manufacture_db_staging.user_roles (user_id, role_id) VALUES (73, 1);
INSERT INTO device_manufacture_db_staging.user_roles (user_id, role_id) VALUES (74, 1);
INSERT INTO device_manufacture_db_staging.user_roles (user_id, role_id) VALUES (75, 1);
INSERT INTO device_manufacture_db_staging.user_roles (user_id, role_id) VALUES (76, 1);
INSERT INTO device_manufacture_db_staging.user_roles (user_id, role_id) VALUES (77, 1);
INSERT INTO device_manufacture_db_staging.user_roles (user_id, role_id) VALUES (78, 1);
INSERT INTO device_manufacture_db_staging.user_roles (user_id, role_id) VALUES (79, 1);
INSERT INTO device_manufacture_db_staging.user_roles (user_id, role_id) VALUES (80, 1);
INSERT INTO device_manufacture_db_staging.user_roles (user_id, role_id) VALUES (81, 1);
INSERT INTO device_manufacture_db_staging.user_roles (user_id, role_id) VALUES (82, 1);
INSERT INTO device_manufacture_db_staging.user_roles (user_id, role_id) VALUES (83, 1);
INSERT INTO device_manufacture_db_staging.user_roles (user_id, role_id) VALUES (84, 1);
INSERT INTO device_manufacture_db_staging.user_roles (user_id, role_id) VALUES (1, 2);
INSERT INTO device_manufacture_db_staging.user_roles (user_id, role_id) VALUES (2, 2);
INSERT INTO device_manufacture_db_staging.user_roles (user_id, role_id) VALUES (4, 2);
INSERT INTO device_manufacture_db_staging.user_roles (user_id, role_id) VALUES (1, 3);
INSERT INTO device_manufacture_db_staging.user_roles (user_id, role_id) VALUES (3, 3);
INSERT INTO device_manufacture_db_staging.user_roles (user_id, role_id) VALUES (4, 3);
INSERT INTO device_manufacture_db_staging.user_roles (user_id, role_id) VALUES (5, 3);
INSERT INTO device_manufacture_db_staging.user_roles (user_id, role_id) VALUES (6, 3);
INSERT INTO device_manufacture_db_staging.user_roles (user_id, role_id) VALUES (7, 3);
INSERT INTO device_manufacture_db_staging.user_roles (user_id, role_id) VALUES (8, 3);
INSERT INTO device_manufacture_db_staging.user_roles (user_id, role_id) VALUES (9, 3);
INSERT INTO device_manufacture_db_staging.user_roles (user_id, role_id) VALUES (10, 3);
INSERT INTO device_manufacture_db_staging.user_roles (user_id, role_id) VALUES (11, 3);
INSERT INTO device_manufacture_db_staging.user_roles (user_id, role_id) VALUES (12, 3);
INSERT INTO device_manufacture_db_staging.user_roles (user_id, role_id) VALUES (13, 3);
INSERT INTO device_manufacture_db_staging.user_roles (user_id, role_id) VALUES (14, 3);
INSERT INTO device_manufacture_db_staging.user_roles (user_id, role_id) VALUES (15, 3);
INSERT INTO device_manufacture_db_staging.user_roles (user_id, role_id) VALUES (16, 3);
INSERT INTO device_manufacture_db_staging.user_roles (user_id, role_id) VALUES (17, 3);
INSERT INTO device_manufacture_db_staging.user_roles (user_id, role_id) VALUES (18, 3);
INSERT INTO device_manufacture_db_staging.user_roles (user_id, role_id) VALUES (19, 3);
INSERT INTO device_manufacture_db_staging.user_roles (user_id, role_id) VALUES (20, 3);
INSERT INTO device_manufacture_db_staging.user_roles (user_id, role_id) VALUES (21, 3);
INSERT INTO device_manufacture_db_staging.user_roles (user_id, role_id) VALUES (22, 3);
INSERT INTO device_manufacture_db_staging.user_roles (user_id, role_id) VALUES (23, 3);
INSERT INTO device_manufacture_db_staging.user_roles (user_id, role_id) VALUES (24, 3);
INSERT INTO device_manufacture_db_staging.user_roles (user_id, role_id) VALUES (25, 3);
INSERT INTO device_manufacture_db_staging.user_roles (user_id, role_id) VALUES (26, 3);
INSERT INTO device_manufacture_db_staging.user_roles (user_id, role_id) VALUES (27, 3);
INSERT INTO device_manufacture_db_staging.user_roles (user_id, role_id) VALUES (28, 3);
INSERT INTO device_manufacture_db_staging.user_roles (user_id, role_id) VALUES (29, 3);
INSERT INTO device_manufacture_db_staging.user_roles (user_id, role_id) VALUES (30, 3);
INSERT INTO device_manufacture_db_staging.user_roles (user_id, role_id) VALUES (31, 3);
INSERT INTO device_manufacture_db_staging.user_roles (user_id, role_id) VALUES (32, 3);
INSERT INTO device_manufacture_db_staging.user_roles (user_id, role_id) VALUES (33, 3);
INSERT INTO device_manufacture_db_staging.user_roles (user_id, role_id) VALUES (34, 3);
INSERT INTO device_manufacture_db_staging.user_roles (user_id, role_id) VALUES (35, 3);
INSERT INTO device_manufacture_db_staging.user_roles (user_id, role_id) VALUES (36, 3);
INSERT INTO device_manufacture_db_staging.user_roles (user_id, role_id) VALUES (37, 3);
INSERT INTO device_manufacture_db_staging.user_roles (user_id, role_id) VALUES (38, 3);
INSERT INTO device_manufacture_db_staging.user_roles (user_id, role_id) VALUES (39, 3);
INSERT INTO device_manufacture_db_staging.user_roles (user_id, role_id) VALUES (40, 3);
INSERT INTO device_manufacture_db_staging.user_roles (user_id, role_id) VALUES (41, 3);
INSERT INTO device_manufacture_db_staging.user_roles (user_id, role_id) VALUES (42, 3);
INSERT INTO device_manufacture_db_staging.user_roles (user_id, role_id) VALUES (43, 3);
INSERT INTO device_manufacture_db_staging.user_roles (user_id, role_id) VALUES (44, 3);
INSERT INTO device_manufacture_db_staging.user_roles (user_id, role_id) VALUES (45, 3);
INSERT INTO device_manufacture_db_staging.user_roles (user_id, role_id) VALUES (46, 3);
INSERT INTO device_manufacture_db_staging.user_roles (user_id, role_id) VALUES (47, 3);
INSERT INTO device_manufacture_db_staging.user_roles (user_id, role_id) VALUES (48, 3);
INSERT INTO device_manufacture_db_staging.user_roles (user_id, role_id) VALUES (49, 3);
INSERT INTO device_manufacture_db_staging.user_roles (user_id, role_id) VALUES (50, 3);
INSERT INTO device_manufacture_db_staging.user_roles (user_id, role_id) VALUES (51, 3);
INSERT INTO device_manufacture_db_staging.user_roles (user_id, role_id) VALUES (52, 3);
INSERT INTO device_manufacture_db_staging.user_roles (user_id, role_id) VALUES (53, 3);
INSERT INTO device_manufacture_db_staging.user_roles (user_id, role_id) VALUES (54, 3);
INSERT INTO device_manufacture_db_staging.user_roles (user_id, role_id) VALUES (55, 3);
INSERT INTO device_manufacture_db_staging.user_roles (user_id, role_id) VALUES (56, 3);
INSERT INTO device_manufacture_db_staging.user_roles (user_id, role_id) VALUES (57, 3);
INSERT INTO device_manufacture_db_staging.user_roles (user_id, role_id) VALUES (58, 3);
INSERT INTO device_manufacture_db_staging.user_roles (user_id, role_id) VALUES (59, 3);
INSERT INTO device_manufacture_db_staging.user_roles (user_id, role_id) VALUES (60, 3);
INSERT INTO device_manufacture_db_staging.user_roles (user_id, role_id) VALUES (61, 3);
INSERT INTO device_manufacture_db_staging.user_roles (user_id, role_id) VALUES (62, 3);
INSERT INTO device_manufacture_db_staging.user_roles (user_id, role_id) VALUES (63, 3);
INSERT INTO device_manufacture_db_staging.user_roles (user_id, role_id) VALUES (64, 3);
INSERT INTO device_manufacture_db_staging.user_roles (user_id, role_id) VALUES (65, 3);
INSERT INTO device_manufacture_db_staging.user_roles (user_id, role_id) VALUES (66, 3);
INSERT INTO device_manufacture_db_staging.user_roles (user_id, role_id) VALUES (67, 3);
INSERT INTO device_manufacture_db_staging.user_roles (user_id, role_id) VALUES (68, 3);
INSERT INTO device_manufacture_db_staging.user_roles (user_id, role_id) VALUES (69, 3);
INSERT INTO device_manufacture_db_staging.user_roles (user_id, role_id) VALUES (70, 3);
INSERT INTO device_manufacture_db_staging.user_roles (user_id, role_id) VALUES (71, 3);
INSERT INTO device_manufacture_db_staging.user_roles (user_id, role_id) VALUES (72, 3);
INSERT INTO device_manufacture_db_staging.user_roles (user_id, role_id) VALUES (73, 3);
INSERT INTO device_manufacture_db_staging.user_roles (user_id, role_id) VALUES (74, 3);
INSERT INTO device_manufacture_db_staging.user_roles (user_id, role_id) VALUES (75, 3);
INSERT INTO device_manufacture_db_staging.user_roles (user_id, role_id) VALUES (76, 3);
INSERT INTO device_manufacture_db_staging.user_roles (user_id, role_id) VALUES (77, 3);
INSERT INTO device_manufacture_db_staging.user_roles (user_id, role_id) VALUES (78, 3);
INSERT INTO device_manufacture_db_staging.user_roles (user_id, role_id) VALUES (79, 3);
INSERT INTO device_manufacture_db_staging.user_roles (user_id, role_id) VALUES (80, 3);
INSERT INTO device_manufacture_db_staging.user_roles (user_id, role_id) VALUES (81, 3);
INSERT INTO device_manufacture_db_staging.user_roles (user_id, role_id) VALUES (82, 3);
INSERT INTO device_manufacture_db_staging.user_roles (user_id, role_id) VALUES (83, 3);
INSERT INTO device_manufacture_db_staging.user_roles (user_id, role_id) VALUES (84, 3);
INSERT INTO device_manufacture_db_staging.user_roles (user_id, role_id) VALUES (1, 4);


INSERT INTO device_manufacture_db_staging.teams (id, team_name, target_device_type_id) VALUES (1, 'Altenwerth Group', 1);
INSERT INTO device_manufacture_db_staging.teams (id, team_name, target_device_type_id) VALUES (2, 'Krajcik Group', 2);
INSERT INTO device_manufacture_db_staging.teams (id, team_name, target_device_type_id) VALUES (3, 'Schamberger LLC', 3);
INSERT INTO device_manufacture_db_staging.teams (id, team_name, target_device_type_id) VALUES (4, 'Lang, Considine and Schamberger', 1);
INSERT INTO device_manufacture_db_staging.teams (id, team_name, target_device_type_id) VALUES (5, 'Labadie, O''Keefe and Barrows', 2);
INSERT INTO device_manufacture_db_staging.teams (id, team_name, target_device_type_id) VALUES (6, 'Rolfson-Hirthe', 3);
INSERT INTO device_manufacture_db_staging.teams (id, team_name, target_device_type_id) VALUES (7, 'Walsh-Bruen', 1);
INSERT INTO device_manufacture_db_staging.teams (id, team_name, target_device_type_id) VALUES (8, 'Runte-Hintz', 2);
INSERT INTO device_manufacture_db_staging.teams (id, team_name, target_device_type_id) VALUES (9, 'Oberbrunner Inc', 3);
INSERT INTO device_manufacture_db_staging.teams (id, team_name, target_device_type_id) VALUES (10, 'Jacobi, Nolan and Bruen', 1);
INSERT INTO device_manufacture_db_staging.teams (id, team_name, target_device_type_id) VALUES (11, 'Bogan Inc', 1);
INSERT INTO device_manufacture_db_staging.teams (id, team_name, target_device_type_id) VALUES (12, 'Gleichner-King', 1);
INSERT INTO device_manufacture_db_staging.teams (id, team_name, target_device_type_id) VALUES (13, 'Yundt LLC', 2);
INSERT INTO device_manufacture_db_staging.teams (id, team_name, target_device_type_id) VALUES (14, 'Crona-Fisher', 2);
INSERT INTO device_manufacture_db_staging.teams (id, team_name, target_device_type_id) VALUES (15, 'Stoltenberg-Nienow', 3);
INSERT INTO device_manufacture_db_staging.teams (id, team_name, target_device_type_id) VALUES (16, 'Collier Inc', 3);
INSERT INTO device_manufacture_db_staging.teams (id, team_name, target_device_type_id) VALUES (17, 'Nader Inc', 2);
INSERT INTO device_manufacture_db_staging.teams (id, team_name, target_device_type_id) VALUES (18, 'Thompson and Sons', 1);
INSERT INTO device_manufacture_db_staging.teams (id, team_name, target_device_type_id) VALUES (19, 'Metz-Muller', 1);
INSERT INTO device_manufacture_db_staging.teams (id, team_name, target_device_type_id) VALUES (20, 'Kemmer-Hirthe', 1);


INSERT INTO device_manufacture_db_staging.employees (id, employement_date, phone, team_id, user_id, factory_id) VALUES (1, '2022-06-30 16:45:10.555566', '(674) 789-6374 x147', 1, 5, 2);
INSERT INTO device_manufacture_db_staging.employees (id, employement_date, phone, team_id, user_id, factory_id) VALUES (2, '2022-06-30 16:45:10.595413', '226-860-2628 x68452', 1, 6, 2);
INSERT INTO device_manufacture_db_staging.employees (id, employement_date, phone, team_id, user_id, factory_id) VALUES (3, '2022-06-30 16:45:10.633410', '453-393-4769 x73021', 1, 7, 2);
INSERT INTO device_manufacture_db_staging.employees (id, employement_date, phone, team_id, user_id, factory_id) VALUES (4, '2022-06-30 16:45:10.671203', '354-685-4786 x97247', 1, 8, 2);
INSERT INTO device_manufacture_db_staging.employees (id, employement_date, phone, team_id, user_id, factory_id) VALUES (5, '2022-06-30 16:45:10.889393', '1-982-479-4932 x6128', 2, 9, 2);
INSERT INTO device_manufacture_db_staging.employees (id, employement_date, phone, team_id, user_id, factory_id) VALUES (6, '2022-06-30 16:45:10.932432', '628-132-3881 x1795', 2, 10, 2);
INSERT INTO device_manufacture_db_staging.employees (id, employement_date, phone, team_id, user_id, factory_id) VALUES (7, '2022-06-30 16:45:10.975288', '897-879-6081', 2, 11, 2);
INSERT INTO device_manufacture_db_staging.employees (id, employement_date, phone, team_id, user_id, factory_id) VALUES (8, '2022-06-30 16:45:11.015499', '(361) 738-9330 x046', 2, 12, 2);
INSERT INTO device_manufacture_db_staging.employees (id, employement_date, phone, team_id, user_id, factory_id) VALUES (9, '2022-06-30 16:45:11.255310', '(752) 948-6661 x262', 3, 13, 2);
INSERT INTO device_manufacture_db_staging.employees (id, employement_date, phone, team_id, user_id, factory_id) VALUES (10, '2022-06-30 16:45:11.303612', '(708) 052-7208 x2481', 3, 14, 2);
INSERT INTO device_manufacture_db_staging.employees (id, employement_date, phone, team_id, user_id, factory_id) VALUES (11, '2022-06-30 16:45:11.344521', '102.010.1694 x4639', 3, 15, 2);
INSERT INTO device_manufacture_db_staging.employees (id, employement_date, phone, team_id, user_id, factory_id) VALUES (12, '2022-06-30 16:45:11.384828', '010-200-0121 x16469', 3, 16, 2);
INSERT INTO device_manufacture_db_staging.employees (id, employement_date, phone, team_id, user_id, factory_id) VALUES (13, '2022-06-30 16:45:11.589510', '1-914-187-0151 x627', 4, 17, 2);
INSERT INTO device_manufacture_db_staging.employees (id, employement_date, phone, team_id, user_id, factory_id) VALUES (14, '2022-06-30 16:45:11.626025', '712.006.3694 x222', 4, 18, 2);
INSERT INTO device_manufacture_db_staging.employees (id, employement_date, phone, team_id, user_id, factory_id) VALUES (15, '2022-06-30 16:45:11.664321', '555-958-7910', 4, 19, 2);
INSERT INTO device_manufacture_db_staging.employees (id, employement_date, phone, team_id, user_id, factory_id) VALUES (16, '2022-06-30 16:45:11.706554', '638.617.0908 x359', 4, 20, 2);
INSERT INTO device_manufacture_db_staging.employees (id, employement_date, phone, team_id, user_id, factory_id) VALUES (17, '2022-06-30 16:45:11.882966', '247-216-9705 x85368', 5, 21, 2);
INSERT INTO device_manufacture_db_staging.employees (id, employement_date, phone, team_id, user_id, factory_id) VALUES (18, '2022-06-30 16:45:11.914867', '247.743.9670 x8146', 5, 22, 2);
INSERT INTO device_manufacture_db_staging.employees (id, employement_date, phone, team_id, user_id, factory_id) VALUES (19, '2022-06-30 16:45:11.965684', '655-831-0420', 5, 23, 2);
INSERT INTO device_manufacture_db_staging.employees (id, employement_date, phone, team_id, user_id, factory_id) VALUES (20, '2022-06-30 16:45:12.017713', '(927) 635-9470 x59003', 5, 24, 2);
INSERT INTO device_manufacture_db_staging.employees (id, employement_date, phone, team_id, user_id, factory_id) VALUES (21, '2022-06-30 16:45:12.242781', '(056) 083-4340 x6028', 6, 25, 2);
INSERT INTO device_manufacture_db_staging.employees (id, employement_date, phone, team_id, user_id, factory_id) VALUES (22, '2022-06-30 16:45:12.283953', '1-297-098-5831 x1372', 6, 26, 2);
INSERT INTO device_manufacture_db_staging.employees (id, employement_date, phone, team_id, user_id, factory_id) VALUES (23, '2022-06-30 16:45:12.323085', '1-411-814-5206', 6, 27, 2);
INSERT INTO device_manufacture_db_staging.employees (id, employement_date, phone, team_id, user_id, factory_id) VALUES (24, '2022-06-30 16:45:12.365376', '847.773.4670', 6, 28, 2);
INSERT INTO device_manufacture_db_staging.employees (id, employement_date, phone, team_id, user_id, factory_id) VALUES (25, '2022-06-30 16:45:12.531908', '015.726.9971 x5932', 7, 29, 2);
INSERT INTO device_manufacture_db_staging.employees (id, employement_date, phone, team_id, user_id, factory_id) VALUES (26, '2022-06-30 16:45:12.575493', '(221) 501-1372', 7, 30, 2);
INSERT INTO device_manufacture_db_staging.employees (id, employement_date, phone, team_id, user_id, factory_id) VALUES (27, '2022-06-30 16:45:12.617448', '(327) 187-6630', 7, 31, 2);
INSERT INTO device_manufacture_db_staging.employees (id, employement_date, phone, team_id, user_id, factory_id) VALUES (28, '2022-06-30 16:45:12.652811', '1-710-403-7953 x94299', 7, 32, 2);
INSERT INTO device_manufacture_db_staging.employees (id, employement_date, phone, team_id, user_id, factory_id) VALUES (29, '2022-06-30 16:45:12.884487', '367-384-1753', 8, 33, 2);
INSERT INTO device_manufacture_db_staging.employees (id, employement_date, phone, team_id, user_id, factory_id) VALUES (30, '2022-06-30 16:45:12.944989', '(309) 265-7841', 8, 34, 2);
INSERT INTO device_manufacture_db_staging.employees (id, employement_date, phone, team_id, user_id, factory_id) VALUES (31, '2022-06-30 16:45:13.024772', '415.191.8795 x701', 8, 35, 2);
INSERT INTO device_manufacture_db_staging.employees (id, employement_date, phone, team_id, user_id, factory_id) VALUES (32, '2022-06-30 16:45:13.071394', '1-948-768-6429', 8, 36, 2);
INSERT INTO device_manufacture_db_staging.employees (id, employement_date, phone, team_id, user_id, factory_id) VALUES (33, '2022-06-30 16:45:13.276204', '948.308.1872', 9, 37, 2);
INSERT INTO device_manufacture_db_staging.employees (id, employement_date, phone, team_id, user_id, factory_id) VALUES (34, '2022-06-30 16:45:13.308400', '396.104.7474 x157', 9, 38, 2);
INSERT INTO device_manufacture_db_staging.employees (id, employement_date, phone, team_id, user_id, factory_id) VALUES (35, '2022-06-30 16:45:13.337011', '(740) 220-3715', 9, 39, 2);
INSERT INTO device_manufacture_db_staging.employees (id, employement_date, phone, team_id, user_id, factory_id) VALUES (36, '2022-06-30 16:45:13.366618', '162-791-0484 x647', 9, 40, 2);
INSERT INTO device_manufacture_db_staging.employees (id, employement_date, phone, team_id, user_id, factory_id) VALUES (37, '2022-06-30 16:45:13.551202', '597.663.9665 x20926', 10, 41, 2);
INSERT INTO device_manufacture_db_staging.employees (id, employement_date, phone, team_id, user_id, factory_id) VALUES (38, '2022-06-30 16:45:13.602299', '1-435-572-5738', 10, 42, 2);
INSERT INTO device_manufacture_db_staging.employees (id, employement_date, phone, team_id, user_id, factory_id) VALUES (39, '2022-06-30 16:45:13.669917', '705-100-3498', 10, 43, 2);
INSERT INTO device_manufacture_db_staging.employees (id, employement_date, phone, team_id, user_id, factory_id) VALUES (40, '2022-06-30 16:45:13.711944', '1-647-244-7720', 10, 44, 2);
INSERT INTO device_manufacture_db_staging.employees (id, employement_date, phone, team_id, user_id, factory_id) VALUES (41, '2022-06-30 16:45:13.913666', '(325) 290-3996 x7924', 11, 45, 2);
INSERT INTO device_manufacture_db_staging.employees (id, employement_date, phone, team_id, user_id, factory_id) VALUES (42, '2022-06-30 16:45:13.951283', '1-460-969-8197', 11, 46, 2);
INSERT INTO device_manufacture_db_staging.employees (id, employement_date, phone, team_id, user_id, factory_id) VALUES (43, '2022-06-30 16:45:13.991369', '(829) 327-3446 x1546', 11, 47, 2);
INSERT INTO device_manufacture_db_staging.employees (id, employement_date, phone, team_id, user_id, factory_id) VALUES (44, '2022-06-30 16:45:14.033268', '670-905-1721', 11, 48, 2);
INSERT INTO device_manufacture_db_staging.employees (id, employement_date, phone, team_id, user_id, factory_id) VALUES (45, '2022-06-30 16:45:14.232662', '1-243-162-9514 x489', 12, 49, 2);
INSERT INTO device_manufacture_db_staging.employees (id, employement_date, phone, team_id, user_id, factory_id) VALUES (46, '2022-06-30 16:45:14.269085', '(026) 720-2329', 12, 50, 2);
INSERT INTO device_manufacture_db_staging.employees (id, employement_date, phone, team_id, user_id, factory_id) VALUES (47, '2022-06-30 16:45:14.314975', '811.585.1853 x664', 12, 51, 2);
INSERT INTO device_manufacture_db_staging.employees (id, employement_date, phone, team_id, user_id, factory_id) VALUES (48, '2022-06-30 16:45:14.366813', '(259) 981-7086 x61361', 12, 52, 2);
INSERT INTO device_manufacture_db_staging.employees (id, employement_date, phone, team_id, user_id, factory_id) VALUES (49, '2022-06-30 16:45:14.560002', '1-543-214-8247 x6863', 13, 53, 2);
INSERT INTO device_manufacture_db_staging.employees (id, employement_date, phone, team_id, user_id, factory_id) VALUES (50, '2022-06-30 16:45:14.600639', '970-670-2815 x039', 13, 54, 2);
INSERT INTO device_manufacture_db_staging.employees (id, employement_date, phone, team_id, user_id, factory_id) VALUES (51, '2022-06-30 16:45:14.637886', '(515) 905-0956 x16487', 13, 55, 2);
INSERT INTO device_manufacture_db_staging.employees (id, employement_date, phone, team_id, user_id, factory_id) VALUES (52, '2022-06-30 16:45:14.668042', '794.255.3981 x2876', 13, 56, 2);
INSERT INTO device_manufacture_db_staging.employees (id, employement_date, phone, team_id, user_id, factory_id) VALUES (53, '2022-06-30 16:45:14.885157', '758.179.0356', 14, 57, 2);
INSERT INTO device_manufacture_db_staging.employees (id, employement_date, phone, team_id, user_id, factory_id) VALUES (54, '2022-06-30 16:45:14.940178', '(587) 252-2536 x84358', 14, 58, 2);
INSERT INTO device_manufacture_db_staging.employees (id, employement_date, phone, team_id, user_id, factory_id) VALUES (55, '2022-06-30 16:45:14.986299', '550.227.2805', 14, 59, 2);
INSERT INTO device_manufacture_db_staging.employees (id, employement_date, phone, team_id, user_id, factory_id) VALUES (56, '2022-06-30 16:45:15.036737', '253-834-7302 x12858', 14, 60, 2);
INSERT INTO device_manufacture_db_staging.employees (id, employement_date, phone, team_id, user_id, factory_id) VALUES (57, '2022-06-30 16:45:15.214602', '778-717-8477 x034', 15, 61, 2);
INSERT INTO device_manufacture_db_staging.employees (id, employement_date, phone, team_id, user_id, factory_id) VALUES (58, '2022-06-30 16:45:15.247159', '(282) 767-3076 x41733', 15, 62, 2);
INSERT INTO device_manufacture_db_staging.employees (id, employement_date, phone, team_id, user_id, factory_id) VALUES (59, '2022-06-30 16:45:15.285707', '1-023-391-1296 x520', 15, 63, 2);
INSERT INTO device_manufacture_db_staging.employees (id, employement_date, phone, team_id, user_id, factory_id) VALUES (60, '2022-06-30 16:45:15.319436', '(399) 262-9206', 15, 64, 2);
INSERT INTO device_manufacture_db_staging.employees (id, employement_date, phone, team_id, user_id, factory_id) VALUES (61, '2022-06-30 16:45:15.523797', '134.419.7713', 16, 65, 2);
INSERT INTO device_manufacture_db_staging.employees (id, employement_date, phone, team_id, user_id, factory_id) VALUES (62, '2022-06-30 16:45:15.554389', '(185) 251-0510 x4958', 16, 66, 2);
INSERT INTO device_manufacture_db_staging.employees (id, employement_date, phone, team_id, user_id, factory_id) VALUES (63, '2022-06-30 16:45:15.589586', '632.517.6339 x73925', 16, 67, 2);
INSERT INTO device_manufacture_db_staging.employees (id, employement_date, phone, team_id, user_id, factory_id) VALUES (64, '2022-06-30 16:45:15.625087', '954-602-8134', 16, 68, 2);
INSERT INTO device_manufacture_db_staging.employees (id, employement_date, phone, team_id, user_id, factory_id) VALUES (65, '2022-06-30 16:45:15.848630', '475.756.1855 x87559', 17, 69, 2);
INSERT INTO device_manufacture_db_staging.employees (id, employement_date, phone, team_id, user_id, factory_id) VALUES (66, '2022-06-30 16:45:15.902645', '1-456-683-7810 x1816', 17, 70, 2);
INSERT INTO device_manufacture_db_staging.employees (id, employement_date, phone, team_id, user_id, factory_id) VALUES (67, '2022-06-30 16:45:15.952404', '1-885-106-7440 x78372', 17, 71, 2);
INSERT INTO device_manufacture_db_staging.employees (id, employement_date, phone, team_id, user_id, factory_id) VALUES (68, '2022-06-30 16:45:15.994304', '(199) 039-4892 x820', 17, 72, 2);
INSERT INTO device_manufacture_db_staging.employees (id, employement_date, phone, team_id, user_id, factory_id) VALUES (69, '2022-06-30 16:45:16.203327', '085-965-0636', 18, 73, 2);
INSERT INTO device_manufacture_db_staging.employees (id, employement_date, phone, team_id, user_id, factory_id) VALUES (70, '2022-06-30 16:45:16.241924', '332.262.8776 x2693', 18, 74, 2);
INSERT INTO device_manufacture_db_staging.employees (id, employement_date, phone, team_id, user_id, factory_id) VALUES (71, '2022-06-30 16:45:16.308592', '1-453-808-2222 x30142', 18, 75, 2);
INSERT INTO device_manufacture_db_staging.employees (id, employement_date, phone, team_id, user_id, factory_id) VALUES (72, '2022-06-30 16:45:16.346949', '266-275-5848 x34852', 18, 76, 2);
INSERT INTO device_manufacture_db_staging.employees (id, employement_date, phone, team_id, user_id, factory_id) VALUES (73, '2022-06-30 16:45:16.628760', '166-315-3661', 19, 77, 2);
INSERT INTO device_manufacture_db_staging.employees (id, employement_date, phone, team_id, user_id, factory_id) VALUES (74, '2022-06-30 16:45:16.668651', '340-088-3737 x733', 19, 78, 2);
INSERT INTO device_manufacture_db_staging.employees (id, employement_date, phone, team_id, user_id, factory_id) VALUES (75, '2022-06-30 16:45:16.703603', '(908) 809-0091', 19, 79, 2);
INSERT INTO device_manufacture_db_staging.employees (id, employement_date, phone, team_id, user_id, factory_id) VALUES (76, '2022-06-30 16:45:16.740781', '114-461-5352 x409', 19, 80, 2);
INSERT INTO device_manufacture_db_staging.employees (id, employement_date, phone, team_id, user_id, factory_id) VALUES (77, '2022-06-30 16:45:16.940076', '1-607-878-7498 x452', 20, 81, 2);
INSERT INTO device_manufacture_db_staging.employees (id, employement_date, phone, team_id, user_id, factory_id) VALUES (78, '2022-06-30 16:45:16.973187', '886-752-4417', 20, 82, 2);
INSERT INTO device_manufacture_db_staging.employees (id, employement_date, phone, team_id, user_id, factory_id) VALUES (79, '2022-06-30 16:45:17.009292', '1-492-111-8964', 20, 83, 2);
INSERT INTO device_manufacture_db_staging.employees (id, employement_date, phone, team_id, user_id, factory_id) VALUES (80, '2022-06-30 16:45:17.048297', '(605) 604-4763', 20, 84, 2);

